{
    "MAE": 17570.019844710576,
    "RMSE": 23833.93955989447
}