{
  "No Default": {
    "precision": 0.9303482587064676,
    "recall": 0.9909715407262022,
    "f1-score": 0.9597034784261548,
    "support": 5095.0
  },
  "Default": {
    "precision": 0.9577981651376147,
    "recall": 0.7341772151898734,
    "f1-score": 0.8312101910828026,
    "support": 1422.0
  },
  "accuracy": 0.9349393892895504,
  "macro avg": {
    "precision": 0.9440732119220412,
    "recall": 0.8625743779580378,
    "f1-score": 0.8954568347544787,
    "support": 6517.0
  },
  "weighted avg": {
    "precision": 0.9363377886965077,
    "recall": 0.9349393892895504,
    "f1-score": 0.9316664284641712,
    "support": 6517.0
  }
}